,train,val,test
Bệnh_lý,0.8049560351718625,0.09512390087929656,0.09992006394884093
Triệu_chứng,0.7871572871572872,0.10101010101010101,0.11183261183261184
Nguyên_nhân,0.8163265306122449,0.08299319727891157,0.10068027210884353
Bộ_phận_cơ_thể,0.8193146417445483,0.08878504672897196,0.09190031152647975
Điều_trị,0.8258527827648114,0.09694793536804308,0.07719928186714542
Chẩn_đoán,0.8336886993603412,0.0767590618336887,0.08955223880597014
Phòng_ngừa,0.8010204081632653,0.08163265306122448,0.11734693877551021
Tên_thuốc,0.8376068376068376,0.05128205128205128,0.1111111111111111
